Relay , PI , 
192.168.7.200,   1.37963033, 
10.37.1.201,   2.03309608, 
10.37.1.101,   2.03309608, 
10.37.1.102,   2.03309608, 
192.168.1.200,   1.37963033, 
10.31.1.201,   1.37963033, 
10.31.1.202,   1.37963033, 
10.31.1.203,   1.37963033, 
10.31.1.204,   1.37963033, 
10.31.1.205,   1.37963033, 
10.31.1.206,   1.37963033, 
10.31.1.207,   1.37963033, 
10.31.1.101,   1.37898254, 
10.31.1.102,   2.23166013, 
10.31.1.103,   3.88649535, 
10.31.1.104,   1.37963033, 
10.31.1.105,   1.57131541, 
192.168.2.200,   1.37963033, 
10.32.1.201,   1.37963033, 
192.168.3.200,   1.37963033, 
10.33.1.201,   1.37963033, 
10.33.1.202,   1.37963033, 
10.33.1.203,   1.37963033, 
10.33.1.101,   1.37963033, 
10.33.1.102,   1.37963033, 
10.33.1.103,   1.37963033, 
10.33.1.104,   1.37963033, 
10.33.1.105,   1.37963033, 
10.33.1.106,   1.37963033, 
haverbrook-network:DistanceRelay_1,   1.37963033, 
haverbrook-network:DistanceRelay_2,   1.37963033, 
haverbrook-network:DistanceRelay_3,   1.37963033, 
haverbrook-network:ReversePowerRelay_1,   1.37963033, 
haverbrook-network:OvercurrentRelay_1,   1.37963033, 
haverbrook-network:OvercurrentRelay_2,   1.37963033, 
haverbrook-network:OvercurrentRelay_3,   1.37963033, 
haverbrook-network:OvercurrentRelay_4,   1.37963033, 
haverbrook-network:OvercurrentRelay_5,   1.37963033, 
10.33.1.107,   1.55922198, 
192.168.4.200,   1.37963033, 
10.34.1.201,   1.37963033, 
10.34.1.202,   1.37963033, 
10.34.1.101,   1.37963033, 
10.34.1.102,   1.37963033, 
10.34.1.103,   1.37963033, 
192.168.5.200,   1.37963033, 
10.35.1.201,   1.37963033, 
north-haverbrook-network:DistanceRelay_1,   1.37963033, 
north-haverbrook-network:DistanceRelay_2,   1.37963033, 
north-haverbrook-network:DistanceRelay_3,   1.37963033, 
north-haverbrook-network:OvercurrentRelay_1,   1.37963033, 
north-haverbrook-network:OvercurrentRelay_2,   1.37963033, 
north-haverbrook-network:OvercurrentRelay_3,   1.37963033, 
north-haverbrook-network:OvercurrentRelay_4,   1.37963033, 
north-haverbrook-network:OvercurrentRelay_5,   1.37963033, 
north-haverbrook-network:OvercurrentRelay_6,   1.37963033, 
odgenville-network:SEL_451_1,   1.37963033, 
odgenville-network:SEL_451_2,   1.37963033, 
odgenville-network:SEL_451_3,   1.37963033, 
10.35.1.202,   1.37963033, 
10.35.1.203,   1.37963033, 
10.35.1.101,   1.37963033, 
10.35.1.102,   1.38664079, 
10.35.1.103,   1.37898111, 
10.35.1.104,   1.38537991, 
192.168.6.200,   1.37963033, 
10.36.1.201,   1.37963033, 
10.36.1.202,   1.37963033, 
10.36.1.203,   1.37963033, 
10.36.1.101,   1.44520199, 
10.36.1.102,   1.38491440, 
10.36.1.103,   1.38651896, 
10.36.1.104,   2.55639553, 
10.36.1.105,   2.06399345, 
10.36.1.106,   3.94311714, 
192.168.8.200,   1.37963033, 
10.38.1.201,   1.38033605, 
10.38.1.202,   1.38537943, 
10.38.1.203,   1.38041425, 
10.38.1.101,   0.00000000, 
10.38.1.102,   1.38537943, 
10.38.1.103,   0.00000000, 
10.38.1.104,   1.37963033, 
10.38.1.105,   1.38041425, 
,   1.37963033, 
springfield-network:OvercurrentRelay_1,   1.37963033, 
